Period,BegBal,Payment,Interest,Principal,EndBal,InterestPct,PrincipalPct
1,100000.0,536.8216230121399,416.6666666666667,120.15495634547318,99879.84504365452,0.7761734043586468,0.2238265956413532
2,99879.84504365452,536.8216230121399,416.16602101522716,120.65560199691271,99759.18944165761,0.7752407935434744,0.2247592064565256
3,99759.18944165761,536.8216230121399,415.66328934024006,121.15833367189981,99638.0311079857,0.7743042968499055,0.2256957031500944
4,99638.0311079857,536.8216230121399,415.15846294994043,121.66316006219944,99516.3679479235,0.7733638980867801,0.2266361019132199
5,99516.3679479235,536.8216230121399,414.65153311634793,122.17008989579193,99394.1978580277,0.772419580995475,0.22758041900452497
6,99394.1978580277,536.8216230121399,414.14249107511546,122.67913193702441,99271.51872609068,0.7714713292496228,0.22852867075037717
7,99271.51872609068,536.8216230121399,413.63132802537785,123.19029498676201,99148.32843110392,0.7705191264548296,0.2294808735451704
8,99148.32843110392,536.8216230121399,413.11803512959966,123.7035878825402,99024.62484322138,0.7695629561483913,0.23043704385160865
9,99024.62484322138,536.8216230121399,412.60260351342237,124.2190194987175,98900.40582372266,0.7686028017990095,0.23139719820099044
10,98900.40582372266,536.8216230121399,412.08502426551104,124.73659874662883,98775.66922497602,0.7676386468065054,0.23236135319349457
11,98775.66922497602,536.8216230121399,411.5652884374001,125.25633457473975,98650.41289040129,0.7666704745015326,0.23332952549846742
12,98650.41289040129,536.8216230121399,411.0433870433387,125.77823596880114,98524.63465443249,0.7656982681452891,0.23430173185471098
13,98524.63465443249,536.8216230121399,410.51931106013535,126.30231195200452,98398.33234248048,0.7647220109292276,0.23527798907077235
14,98398.33234248048,536.8216230121399,409.993051427002,126.82857158513787,98271.50377089535,0.7637416859747661,0.2362583140252339
15,98271.50377089535,536.8216230121399,409.4645990453973,127.35702396674259,98144.1467469286,0.7627572763329943,0.23724272366700566
16,98144.1467469286,536.8216230121399,408.93394477886915,127.88767823327072,98016.25906869533,0.7617687649843817,0.23823123501561827
17,98016.25906869533,536.8216230121399,408.4010794528972,128.42054355924267,97887.83852513609,0.7607761348384834,0.23922386516151667
18,97887.83852513609,536.8216230121399,407.8659938547337,128.95562915740618,97758.88289597868,0.7597793687336437,0.2402206312663563
19,97758.88289597868,536.8216230121399,407.3286787332445,129.49294427889538,97629.38995169978,0.7587784494367006,0.24122155056329947
20,97629.38995169978,536.8216230121399,406.78912479874907,130.0324982133908,97499.35745348639,0.7577733596426868,0.24222664035731326
21,97499.35745348639,536.8216230121399,406.24732272285996,130.5743002892799,97368.7831531971,0.7567640819745313,0.24323591802546868
22,97368.7831531971,536.8216230121399,405.70326313832123,131.11835987381863,97237.66479332329,0.7557505989827584,0.24424940101724157
23,97237.66479332329,536.8216230121399,405.156936638847,131.66468637329285,97106.00010695,0.7547328931451867,0.24526710685481337
24,97106.00010695,536.8216230121399,404.60833377895835,132.2132892331815,96973.78681771681,0.753710946866625,0.24628905313337499
25,96973.78681771681,536.8216230121399,404.0574450738201,132.7641779383198,96841.02263977849,0.7526847424785692,0.24731525752143074
26,96841.02263977849,536.8216230121399,403.504260999077,133.31736201306285,96707.70527776542,0.7516542622388965,0.2483457377611035
27,96707.70527776542,536.8216230121399,402.94877199068924,133.87285102145063,96573.83242674396,0.7506194883315586,0.24938051166844147
28,96573.83242674396,536.8216230121399,402.3909684447665,134.43065456737338,96439.40177217658,0.7495804028662733,0.2504195971337267
29,96439.40177217658,536.8216230121399,401.83084071740245,134.99078229473741,96304.41098988184,0.7485369878782161,0.25146301212178385
30,96304.41098988184,536.8216230121399,401.26837912450765,135.55324388763222,96168.85774599422,0.7474892253277086,0.25251077467229144
31,96168.85774599422,536.8216230121399,400.70357394164256,136.1180490704973,96032.73969692372,0.7464370970999075,0.25356290290009253
32,96032.73969692372,536.8216230121399,400.1364154038488,136.68520760829108,95896.05448931543,0.7453805850044903,0.25461941499550966
33,95896.05448931543,536.8216230121399,399.56689370548094,137.25472930665893,95758.79976000877,0.7443196707753424,0.25568032922465755
34,95758.79976000877,536.8216230121399,398.99499900003656,137.8266240121033,95620.97313599667,0.7432543360702397,0.2567456639297602
35,95620.97313599667,536.8216230121399,398.4207213999861,138.40090161215375,95482.57223438451,0.7421845624705324,0.25781543752946756
36,95482.57223438451,536.8216230121399,397.84405097660215,138.97757203553772,95343.59466234897,0.7411103314808263,0.2588896685191737
37,95343.59466234897,536.8216230121399,397.26497775978737,139.5566452523525,95204.03801709662,0.740031624528663,0.259968375471337
38,95204.03801709662,536.8216230121399,396.6834917379026,140.13813127423725,95063.8998858224,0.7389484229641992,0.2610515770358008
39,95063.8998858224,536.8216230121399,396.0995828575933,140.72204015454656,94923.17784566784,0.7378607080598834,0.26213929194011665
40,94923.17784566784,536.8216230121399,395.513241023616,141.30838198852388,94781.86946367932,0.7367684610101328,0.2632315389898672
41,94781.86946367932,536.8216230121399,394.9244560986638,141.89716691347604,94639.97229676585,0.7356716629310084,0.2643283370689916
42,94639.97229676585,536.8216230121399,394.33321790319104,142.48840510894883,94497.4838916569,0.7345702948598877,0.2654297051401123
43,94497.4838916569,536.8216230121399,393.7395162152371,143.0821067969028,94354.40178485999,0.7334643377551372,0.2665356622448628
44,94354.40178485999,536.8216230121399,393.14334077024995,143.67828224188992,94210.7235026181,0.7323537724957835,0.26764622750421646
45,94210.7235026181,536.8216230121399,392.54468126090876,144.2769417512311,94066.44656086687,0.7312385798811827,0.2687614201188173
46,94066.44656086687,536.8216230121399,391.9435273369453,144.87809567519457,93921.56846519167,0.7301187406306876,0.2698812593693124
47,93921.56846519167,536.8216230121399,391.33986860496526,145.4817544071746,93776.0867107845,0.7289942353833153,0.2710057646166847
48,93776.0867107845,536.8216230121399,390.7336946282687,146.08792838387114,93629.99878240062,0.7278650446974125,0.27213495530258747
49,93629.99878240062,536.8216230121399,390.1249949266693,146.6966280854706,93483.30215431516,0.7267311490503184,0.27326885094968156
50,93483.30215431516,536.8216230121399,389.51375897631317,147.3078640358267,93335.99429027933,0.7255925288380282,0.27440747116197184
51,93335.99429027933,536.8216230121399,388.8999762094972,147.92164680264267,93188.07264347668,0.7244491643748532,0.2755508356251468
52,93188.07264347668,536.8216230121399,388.2836360144862,148.53798699765366,93039.53465647902,0.7233010358930818,0.2766989641069182
53,93039.53465647902,536.8216230121399,387.6647277353293,149.1568952768106,92890.37776120221,0.7221481235426362,0.27785187645736376
54,92890.37776120221,536.8216230121399,387.04324067167585,149.77838234046402,92740.59937886175,0.7209904073907305,0.27900959260926955
55,92740.59937886175,536.8216230121399,386.4191640785906,150.40245893354927,92590.1969199282,0.7198278674215252,0.2801721325784748
56,92590.1969199282,536.8216230121399,385.7924871663675,151.02913584577237,92439.16778408243,0.7186604835357816,0.2813395164642184
57,92439.16778408243,536.8216230121399,385.16319910034343,151.65842391179643,92287.50936017063,0.717488235550514,0.282511764449486
58,92287.50936017063,536.8216230121399,384.53128900071096,152.2903340114289,92135.2190261592,0.7163111031986411,0.28368889680135884
59,92135.2190261592,536.8216230121399,383.89674594233,152.92487706980984,91982.2941490894,0.7151290661286356,0.2848709338713645
60,91982.2941490894,536.8216230121399,383.25955895453916,153.5620640576007,91828.7320850318,0.7139421039041716,0.2860578960958285
61,91828.7320850318,536.8216230121399,382.6197170209659,154.201905991174,91674.53017904064,0.7127501960037723,0.2872498039962276
62,91674.53017904064,536.8216230121399,381.977209079336,154.8444139328039,91519.68576510783,0.7115533218204547,0.2884466781795453
63,91519.68576510783,536.8216230121399,381.3320240212826,155.48959899085725,91364.19616611698,0.7103514606613732,0.2896485393386267
64,91364.19616611698,536.8216230121399,380.68415069215405,156.13747231998582,91208.058693797,0.7091445917474624,0.2908554082525377
65,91208.058693797,536.8216230121399,380.0335778908208,156.78804512131904,91051.27064867568,0.7079326942130768,0.2920673057869232
66,91051.27064867568,536.8216230121399,379.380294369482,157.44132864265788,90893.82932003302,0.7067157471056313,0.2932842528943687
67,90893.82932003302,536.8216230121399,378.72428883347095,158.09733417866892,90735.73198585435,0.7054937293852381,0.2945062706147618
68,90735.73198585435,536.8216230121399,378.06554994105977,158.7560730710801,90576.97591278327,0.7042666199243433,0.29573338007565675
69,90576.97591278327,536.8216230121399,377.4040663032636,159.41755670887625,90417.55835607438,0.7030343975073613,0.29696560249263865
70,90417.55835607438,536.8216230121399,376.73982648364324,160.08179652849662,90257.47655954589,0.7017970408303086,0.2982029591696914
71,90257.47655954589,536.8216230121399,376.0728189981079,160.74880401403198,90096.72775553186,0.700554528500435,0.299445471499565
72,90096.72775553186,536.8216230121399,375.4030323147161,161.41859069742378,89935.30916483443,0.6993068390358534,0.30069316096414656
73,89935.30916483443,536.8216230121399,374.7304548534768,162.0911681586631,89773.21799667577,0.6980539508651694,0.3019460491348306
74,89773.21799667577,536.8216230121399,374.055074986149,162.76654802599086,89610.45144864978,0.6967958423271076,0.3032041576728924
75,89610.45144864978,536.8216230121399,373.37688103604074,163.44474197609912,89447.00670667368,0.6955324916701373,0.30446750832986275
76,89447.00670667368,536.8216230121399,372.695861277807,164.12576173433285,89282.88094493934,0.6942638770520962,0.3057361229479038
77,89282.88094493934,536.8216230121399,372.01200393724724,164.80961907489262,89118.07132586445,0.6929899765398132,0.3070100234601868
78,89118.07132586445,536.8216230121399,371.32529719110187,165.496325821038,88952.57500004342,0.6917107681087291,0.3082892318912709
79,88952.57500004342,536.8216230121399,370.63572916684757,166.1858938452923,88786.38910619813,0.6904262296425155,0.3095737703574845
80,88786.38910619813,536.8216230121399,369.9432879424922,166.87833506964768,88619.51077112848,0.6891363389326927,0.31086366106730734
81,88619.51077112848,536.8216230121399,369.2479615463687,167.57366146577118,88451.93710966271,0.6878410736782457,0.3121589263217544
82,88451.93710966271,536.8216230121399,368.54973795692797,168.2718850552119,88283.66522460751,0.6865404114852383,0.3134595885147617
83,88283.66522460751,536.8216230121399,367.8486051025313,168.9730179096086,88114.6922066979,0.6852343298664269,0.31476567013357315
84,88114.6922066979,536.8216230121399,367.14455086124127,169.6770721508986,87945.01513454701,0.6839228062408703,0.3160771937591297
85,87945.01513454701,536.8216230121399,366.43756306061255,170.38405995152732,87774.63107459548,0.6826058179335407,0.31739418206645936
86,87774.63107459548,536.8216230121399,365.7276294774812,171.0939935346587,87603.53708106083,0.6812833421749304,0.3187166578250696
87,87603.53708106083,536.8216230121399,365.01473783775344,171.80688517438642,87431.73019588644,0.6799553561006593,0.3200446438993407
88,87431.73019588644,536.8216230121399,364.2988758161935,172.52274719594635,87259.20744869049,0.6786218367510788,0.32137816324892127
89,87259.20744869049,536.8216230121399,363.58003103621036,173.2415919759295,87085.96585671457,0.6772827610708748,0.3227172389291252
90,87085.96585671457,536.8216230121399,362.858191069644,173.96343194249584,86912.00242477207,0.6759381059086702,0.3240618940913298
91,86912.00242477207,536.8216230121399,362.1333434365503,174.68827957558955,86737.31414519648,0.6745878480166231,0.325412151983377
92,86737.31414519648,536.8216230121399,361.4054756049853,175.41614740715454,86561.89799778932,0.6732319640500256,0.32676803594997444
93,86561.89799778932,536.8216230121399,360.6745749907888,176.14704802135105,86385.75094976797,0.6718704305669007,0.3281295694330994
94,86385.75094976797,536.8216230121399,359.9406289573665,176.88099405477334,86208.86995571319,0.6705032240275961,0.32949677597240395
95,86208.86995571319,536.8216230121399,359.20362481547164,177.61799819666822,86031.25195751652,0.6691303207943777,0.33086967920562227
96,86031.25195751652,536.8216230121399,358.4635498229855,178.35807318915437,85852.89388432736,0.6677516971310209,0.3322483028689791
97,85852.89388432736,536.8216230121399,357.72039118469735,179.10123182744252,85673.79265249992,0.6663673292024002,0.33363267079759984
98,85673.79265249992,536.8216230121399,356.974136052083,179.84748696005687,85493.94516553986,0.6649771930740768,0.33502280692592323
99,85493.94516553986,536.8216230121399,356.2247715230827,180.59685148905714,85313.3483140508,0.6635812647118854,0.3364187352881146
100,85313.3483140508,536.8216230121399,355.47228464187833,181.34933837026153,85131.99897568054,0.6621795199815182,0.33782048001848175
101,85131.99897568054,536.8216230121399,354.7166623986689,182.10496061347095,84949.89401506707,0.6607719346481079,0.3392280653518921
102,84949.89401506707,536.8216230121399,353.9578917294461,182.86373128269378,84767.03028378438,0.6593584843758084,0.3406415156241917
103,84767.03028378438,536.8216230121399,353.1959595157682,183.62566349637166,84583.40462028801,0.6579391447273742,0.3420608552726258
104,84583.40462028801,536.8216230121399,352.4308525845334,184.39077042760647,84399.0138498604,0.6565138911637384,0.3434861088362616
105,84399.0138498604,536.8216230121399,351.6625577077517,185.15906530438815,84213.85478455602,0.6550826990435873,0.34491730095641265
106,84213.85478455602,536.8216230121399,350.89106160231677,185.9305614098231,84027.9242231462,0.6536455436229356,0.34635445637706436
107,84027.9242231462,536.8216230121399,350.1163509297758,186.70527208236405,83841.21895106383,0.6522024000546978,0.3477975999453022
108,83841.21895106383,536.8216230121399,349.33841229609925,187.48321071604062,83653.73574034778,0.6507532433882589,0.34924675661174104
109,83653.73574034778,536.8216230121399,348.5572322514491,188.2643907606908,83465.47134958708,0.6492980485690434,0.3507019514309566
110,83465.47134958708,536.8216230121399,347.7727972899462,189.04882572219367,83276.4225238649,0.6478367904380811,0.35216320956191893
111,83276.4225238649,536.8216230121399,346.9850938494371,189.8365291627028,83086.5859947022,0.6463694437315731,0.35363055626842693
112,83086.5859947022,536.8216230121399,346.19410831125913,190.62751470088074,82895.95848000131,0.6448959830804546,0.3551040169195454
113,82895.95848000131,536.8216230121399,345.3998270000055,191.4217960121344,82704.53668398918,0.6434163830099565,0.3565836169900435
114,82704.53668398918,536.8216230121399,344.60223618328826,192.2193868288516,82512.31729716033,0.6419306179391647,0.35806938206083533
115,82512.31729716033,536.8216230121399,343.8013220715014,193.0203009406385,82319.2969962197,0.6404386621805779,0.3595613378194221
116,82319.2969962197,536.8216230121399,342.9970708175821,193.82455219455778,82125.47244402513,0.6389404899396637,0.3610595100603363
117,82125.47244402513,536.8216230121399,342.1894685167714,194.63215449536847,81930.84028952976,0.6374360753144123,0.3625639246855878
118,81930.84028952976,536.8216230121399,341.378501206374,195.44312180576588,81735.39716772399,0.6359253922948889,0.36407460770511113
119,81735.39716772399,536.8216230121399,340.5641548655166,196.25746814662324,81539.13969957737,0.6344084147627842,0.36559158523721574
120,81539.13969957737,536.8216230121399,339.7464154149057,197.07520759723417,81342.06449198013,0.6328851164909625,0.3671148835090375
121,81342.06449198013,536.8216230121399,338.92526871658384,197.89635429555602,81144.16813768457,0.631355471143008,0.3686445288569919
122,81144.16813768457,536.8216230121399,338.1007005736857,198.72092243845418,80945.44721524611,0.6298194522727706,0.37018054772722936
123,80945.44721524611,536.8216230121399,337.27269673019214,199.54892628194773,80745.89828896416,0.6282770333239072,0.37172296667609284
124,80745.89828896416,536.8216230121399,336.441242870684,200.38038014145587,80545.5179088227,0.6267281876294234,0.3732718123705766
125,80545.5179088227,536.8216230121399,335.6063246200946,201.21529839204527,80344.30261043066,0.6251728884112127,0.37482711158878734
126,80344.30261043066,536.8216230121399,334.7679275434611,202.05369546867877,80142.24891496198,0.6236111087795928,0.37638889122040725
127,80142.24891496198,536.8216230121399,333.9260371456749,202.89558586646496,79939.35332909551,0.622042821732841,0.37795717826715897
128,79939.35332909551,536.8216230121399,333.08063887123126,203.7409841409086,79735.6123449546,0.6204680001567278,0.37953199984327224
129,79735.6123449546,536.8216230121399,332.23171810397747,204.5899049081624,79531.02244004644,0.6188866168240474,0.3811133831759525
130,79531.02244004644,536.8216230121399,331.37926016686015,205.44236284527972,79325.58007720116,0.6172986443941477,0.3827013556058523
131,79325.58007720116,536.8216230121399,330.52325032167147,206.2983726904684,79119.2817045107,0.6157040554124567,0.38429594458754335
132,79119.2817045107,536.8216230121399,329.6636737687945,207.15794924334534,78912.12375526734,0.6141028223100086,0.38589717768999143
133,78912.12375526734,536.8216230121399,328.80051564694725,208.02110736519262,78704.10264790215,0.6124949174029669,0.3875050825970331
134,78704.10264790215,536.8216230121399,327.93376103292564,208.88786197921422,78495.21478592294,0.610880312892146,0.389119687107854
135,78495.21478592294,536.8216230121399,327.0633949413456,209.75822807079425,78285.45655785214,0.60925898086253,0.39074101913747
136,78285.45655785214,536.8216230121399,326.18940232438393,210.63222068775593,78074.82433716439,0.6076308932827905,0.39236910671720954
137,78074.82433716439,536.8216230121399,325.3117680715183,211.50985494062155,77863.31448222377,0.6059960220048022,0.3940039779951979
138,77863.31448222377,536.8216230121399,324.4304770092657,212.39114600287417,77650.92333622089,0.6043543387631555,0.3956456612368445
139,77650.92333622089,536.8216230121399,323.54551390092035,213.2761091112195,77437.64722710967,0.6027058151746685,0.39729418482533146
140,77437.64722710967,536.8216230121399,322.6568634462903,214.16475956584958,77223.48246754383,0.6010504227378963,0.39894957726210367
141,77223.48246754383,536.8216230121399,321.7645102814326,215.05711273070727,77008.42535481312,0.5993881328326376,0.4006118671673624
142,77008.42535481312,536.8216230121399,320.868438978388,215.95318403375188,76792.47217077937,0.5977189167194402,0.4022810832805597
143,76792.47217077937,536.8216230121399,319.96863404491404,216.85298896722583,76575.61918181214,0.5960427455391046,0.40395725446089537
144,76575.61918181214,536.8216230121399,319.0650799242173,217.75654308792258,76357.86263872423,0.5943595903121843,0.40564040968781573
145,76357.86263872423,536.8216230121399,318.1577609946843,218.66386201745559,76139.19877670678,0.592669421938485,0.40733057806151496
146,76139.19877670678,536.8216230121399,317.24666156961155,219.57496144252832,75919.62381526425,0.5909722111965621,0.40902778880343793
147,75919.62381526425,536.8216230121399,316.33176589693437,220.4898571152055,75699.13395814905,0.5892679287432144,0.4107320712567855
148,75699.13395814905,536.8216230121399,315.41305815895436,221.4085648531855,75477.72539329586,0.5875565451129778,0.4124434548870221
149,75477.72539329586,536.8216230121399,314.49052247206606,222.3311005400738,75255.39429275578,0.5858380307176152,0.41416196928238475
150,75255.39429275578,536.8216230121399,313.5641428864824,223.25748012565748,75032.13681263012,0.5841123558456053,0.4158876441543948
151,75032.13681263012,536.8216230121399,312.63390338595883,224.18771962618104,74807.94909300395,0.5823794906616286,0.41762050933837136
152,74807.94909300395,536.8216230121399,311.69978788751644,225.12183512462343,74582.82725787933,0.5806394052060522,0.4193605947939479
153,74582.82725787933,536.8216230121399,310.7617802411639,226.059842770976,74356.76741510835,0.5788920693944107,0.42110793060558926
154,74356.76741510835,536.8216230121399,309.81986422961813,227.00175878252173,74129.76565632582,0.5771374530168875,0.42286254698311254
155,74129.76565632582,536.8216230121399,308.87402356802426,227.9475994441156,73901.8180568817,0.575375525737791,0.42462447426220895
156,73901.8180568817,536.8216230121399,307.92424190367376,228.8973811084661,73672.92067577323,0.5736062570950319,0.4263937429049682
157,73672.92067577323,536.8216230121399,306.9705028157218,229.8511201964181,73443.06955557682,0.5718296164995944,0.4281703835004056
158,73443.06955557682,536.8216230121399,306.0127898149034,230.80883319723648,73212.26072237958,0.5700455732350094,0.42995442676499057
159,73212.26072237958,536.8216230121399,305.05108634324824,231.77053666889162,72980.49018571069,0.568254096456822,0.43174590354317804
160,72980.49018571069,536.8216230121399,304.0853757737945,232.73624723834536,72747.75393847235,0.5664551551920587,0.4335448448079413
161,72747.75393847235,536.8216230121399,303.11564141030146,233.7059816018384,72514.0479568705,0.5646487183386923,0.4353512816613076
162,72514.0479568705,536.8216230121399,302.14186648696045,234.6797565251794,72279.36820034533,0.5628347546651036,0.4371652453348964
163,72279.36820034533,536.8216230121399,301.16403416810556,235.6575888440343,72043.7106115013,0.5610132328095415,0.4389867671904585
164,72043.7106115013,536.8216230121399,300.1821275479221,236.63949546421776,71807.07111603708,0.5591841212795813,0.44081587872041866
165,71807.07111603708,536.8216230121399,299.1961296501545,237.62549336198538,71569.4456226751,0.5573473884515795,0.4426526115484205
166,71569.4456226751,536.8216230121399,298.20602342781297,238.6155995843269,71330.83002309078,0.5555030025701279,0.4444969974298721
167,71330.83002309078,536.8216230121399,297.21179176287825,239.60983124926162,71091.22019184151,0.5536509317475033,0.4463490682524966
168,71091.22019184151,536.8216230121399,296.21341746600626,240.6082055461336,70850.61198629538,0.5517911439631179,0.4482088560368821
169,70850.61198629538,536.8216230121399,295.21088327623073,241.61073973590914,70609.00124655946,0.5499236070629643,0.4500763929370358
170,70609.00124655946,536.8216230121399,294.2041718606644,242.61745115147545,70366.383795408,0.5480482887590599,0.45195171124094013
171,70366.383795408,536.8216230121399,293.19326581419995,243.62835719793992,70122.75543821005,0.5461651566288893,0.4538348433711107
172,70122.75543821005,536.8216230121399,292.17814765920855,244.64347535293132,69878.11196285712,0.544274178114843,0.4557258218851569
173,69878.11196285712,536.8216230121399,291.158799845238,245.6628231669019,69632.44913969022,0.5423753205236549,0.4576246794763451
174,69632.44913969022,536.8216230121399,290.1352047487092,246.68641826343065,69385.76272142678,0.5404685510258368,0.45953144897416326
175,69385.76272142678,536.8216230121399,289.1073446726116,247.71427833952828,69138.04844308726,0.538553836655111,0.4614461633448889
176,69138.04844308726,536.8216230121399,288.07520184619693,248.74642116594293,68889.30202192132,0.5366311443078408,0.4633688556921592
177,68889.30202192132,536.8216230121399,287.03875842467215,249.7828645874677,68639.51915733385,0.5347004407424567,0.46529955925754324
178,68639.51915733385,536.8216230121399,285.99799648889103,250.82362652324883,68388.6955308106,0.5327616925788836,0.46723830742111633
179,68388.6955308106,536.8216230121399,284.95289804504415,251.86872496709572,68136.8268058435,0.5308148662979623,0.4691851337020377
180,68136.8268058435,536.8216230121399,283.90344502434795,252.91817798779192,67883.90862785571,0.5288599282408706,0.4711400717591295
181,67883.90862785571,536.8216230121399,282.84961928273214,253.97200372940773,67629.9366241263,0.5268968446085408,0.4731031553914592
182,67629.9366241263,536.8216230121399,281.7914026005263,255.03022041161358,67374.90640371469,0.5249255814610764,0.47507441853892357
183,67374.90640371469,536.8216230121399,280.72877668214454,256.0928463299953,67118.8135573847,0.5229461047171642,0.4770538952828358
184,67118.8135573847,536.8216230121399,279.66172315576955,257.1598998563703,66861.65365752832,0.5209583801534857,0.4790416198465143
185,66861.65365752832,536.8216230121399,278.5902235730347,258.2313994391052,66603.42225808922,0.5189623734041252,0.4810376265958748
186,66603.42225808922,536.8216230121399,277.5142594087051,259.3073636034348,66344.11489448579,0.5169580499599757,0.48304195004002426
187,66344.11489448579,536.8216230121399,276.4338120603574,260.38781095178246,66083.727083534,0.5149453751681423,0.4850546248318577
188,66083.727083534,536.8216230121399,275.34886284805833,261.47276016408154,65822.25432336993,0.5129243142313429,0.48707568576865706
189,65822.25432336993,536.8216230121399,274.25939301404134,262.56222999809853,65559.69209337182,0.5108948322073069,0.48910516779269314
190,65559.69209337182,536.8216230121399,273.16538372238256,263.6562392897573,65296.03585408207,0.5088568940081706,0.4911431059918294
191,65296.03585408207,536.8216230121399,272.0668160586753,264.7548069534646,65031.2810471286,0.5068104643998713,0.4931895356001286
192,65031.2810471286,536.8216230121399,270.9636710297025,265.8579519824374,64765.423095146165,0.5047555080015375,0.49524449199846254
193,64765.423095146165,536.8216230121399,269.85592956310904,266.9656934490308,64498.45740169713,0.5026919892848772,0.4973080107151227
194,64498.45740169713,536.8216230121399,268.74357250707135,268.0780505050685,64230.37935119206,0.5006198725735641,0.49938012742643584
195,64230.37935119206,536.8216230121399,267.6265806299669,269.19504238217297,63961.18430880988,0.49853912204262063,0.5014608779573794
196,63961.18430880988,536.8216230121399,266.5049346200412,270.3166883920987,63690.86762041778,0.4964497017177983,0.5035502982822018
197,63690.86762041778,536.8216230121399,265.3786150850741,271.44300792706576,63419.424612490715,0.49435157547495573,0.5056484245250442
198,63419.424612490715,536.8216230121399,264.24760255204467,272.5740204600952,63146.85059203062,0.49224470703943474,0.5077552929605652
199,63146.85059203062,536.8216230121399,263.1118774667942,273.70974554534564,62873.14084648527,0.4901290599854323,0.5098709400145677
200,62873.14084648527,536.8216230121399,261.97142019368863,274.85020281845124,62598.29064366682,0.48800459773537164,0.5119954022646284
201,62598.29064366682,536.8216230121399,260.82621101527843,275.99541199686144,62322.29523166996,0.485871283559269,0.514128716440731
202,62322.29523166996,536.8216230121399,259.67623013195816,277.1453928801817,62045.14983878978,0.4837290805740993,0.5162709194259008
203,62045.14983878978,536.8216230121399,258.5214576616241,278.3001653505158,61766.84967343927,0.48157795174315804,0.5184220482568419
204,61766.84967343927,536.8216230121399,257.36187363933027,279.4597493728096,61487.38992406646,0.47941785987542124,0.5205821401245788
205,61487.38992406646,536.8216230121399,256.1974580169436,280.6241649951963,61206.76575907126,0.4772487676249022,0.5227512323750978
206,61206.76575907126,536.8216230121399,255.02819066279693,281.79343234934294,60924.972326721916,0.47507063749000594,0.524929362509994
207,60924.972326721916,536.8216230121399,253.8540513613413,282.96757165079856,60642.00475507112,0.4728834318128809,0.527116568187119
208,60642.00475507112,536.8216230121399,252.6750198127963,284.14660319934353,60357.85815187178,0.4706871127787679,0.529312887221232
209,60357.85815187178,536.8216230121399,251.49107563279907,285.3305473793408,60072.52760449243,0.4684816424153462,0.5315183575846539
210,60072.52760449243,536.8216230121399,250.3021983520518,286.5194246600881,59786.008179832344,0.4662669825920767,0.5337330174079233
211,59786.008179832344,536.8216230121399,249.1083674159681,287.71325559617173,59498.29492423617,0.4640430950195437,0.5359569049804562
212,59498.29492423617,536.8216230121399,247.90956218431737,288.91206082782253,59209.38286340835,0.46180994124879177,0.5381900587512083
213,59209.38286340835,536.8216230121399,246.7057619308681,290.11586108127176,58919.26700232708,0.4595674826706618,0.5404325173293383
214,58919.26700232708,536.8216230121399,245.4969458430295,291.3246771691104,58627.942325157965,0.4573156805151229,0.5426843194848772
215,58627.942325157965,536.8216230121399,244.2830930214915,292.5385299906484,58335.403795167316,0.45505449585060254,0.5449455041493976
216,58335.403795167316,536.8216230121399,243.0641824798638,293.75744053227606,58041.64635463504,0.45278388958331334,0.5472161104166866
217,58041.64635463504,536.8216230121399,241.84019314431268,294.98142986782716,57746.66492476722,0.4505038224565772,0.5494961775434227
218,57746.66492476722,536.8216230121399,240.61110385319674,296.21051915894316,57450.454405608274,0.4482142550501463,0.5517857449498538
219,57450.454405608274,536.8216230121399,239.37689335670115,297.4447296554387,57153.00967595284,0.4459151477795219,0.5540848522204781
220,57153.00967595284,536.8216230121399,238.13754031647017,298.6840826956697,56854.32559325717,0.44360646089526995,0.5563935391047301
221,56854.32559325717,536.8216230121399,236.89302330523822,299.92859970690165,56554.39699355027,0.4412881544823336,0.5587118455176664
222,56554.39699355027,536.8216230121399,235.64332080645946,301.17830220568044,56253.21869134459,0.4389601884593433,0.5610398115406567
223,56253.21869134459,536.8216230121399,234.3884112139358,302.43321179820407,55950.785479546386,0.4366225225779239,0.5633774774220761
224,55950.785479546386,536.8216230121399,233.12827283144327,303.6933501806966,55647.09212936569,0.43427511642199856,0.5657248835780014
225,55647.09212936569,536.8216230121399,231.86288387235703,304.95873913978284,55342.13339022591,0.43191792940709023,0.5680820705929097
226,55342.13339022591,536.8216230121399,230.5922224592746,306.2294005528653,55035.90398967304,0.42955092077961976,0.5704490792203802
227,55035.90398967304,536.8216230121399,229.31626662363766,307.5053563885022,54728.39863328454,0.42717404961620153,0.5728259503837985
228,54728.39863328454,536.8216230121399,228.03499430535223,308.7866287067876,54419.61200457775,0.42478727482293566,0.5752127251770642
229,54419.61200457775,536.8216230121399,226.74838335240727,310.0732396597326,54109.53876491802,0.4223905551346979,0.5776094448653022
230,54109.53876491802,536.8216230121399,225.45641152049174,311.3652114916481,53798.17355342637,0.4199838491144258,0.5800161508855741
231,53798.17355342637,536.8216230121399,224.15905647260988,312.66256653952996,53485.51098688684,0.41756711515240263,0.5824328848475974
232,53485.51098688684,536.8216230121399,222.85629577869517,313.96532723344467,53171.54565965339,0.41514031146553765,0.5848596885344624
233,53171.54565965339,536.8216230121399,221.54810691522246,315.27351609691743,52856.272143556474,0.412703396096644,0.587296603903356
234,52856.272143556474,536.8216230121399,220.23446726481865,316.5871557473212,52539.68498780915,0.4102563269137134,0.5897436730862866
235,52539.68498780915,536.8216230121399,218.91535411587145,317.90626889626844,52221.77871891289,0.4077990616091871,0.5922009383908129
236,52221.77871891289,536.8216230121399,217.590744662137,319.23087835000285,51902.54784056288,0.4053315576992254,0.5946684423007745
237,51902.54784056288,536.8216230121399,216.26061600234533,320.56100700979454,51581.986833553085,0.4028537725229722,0.5971462274770278
238,51581.986833553085,536.8216230121399,214.92494513980452,321.8966778723353,51260.09015568075,0.40036566324181794,0.599634336758182
239,51260.09015568075,536.8216230121399,213.58370898200312,323.2379140301367,50936.85224165062,0.3978671868386588,0.6021328131613412
240,50936.85224165062,536.8216230121399,212.2368843402109,324.58473867192896,50612.267502978684,0.3953583001171533,0.6046416998828468
241,50612.267502978684,536.8216230121399,210.88444792907785,325.937175083062,50286.33032789562,0.3928389597009747,0.6071610402990253
242,50286.33032789562,536.8216230121399,209.52637636623174,327.29524664590815,49959.03508124971,0.39030912203306206,0.609690877966938
243,49959.03508124971,536.8216230121399,208.1626461718738,328.65897684026606,49630.37610440945,0.3877687433748665,0.6122312566251334
244,49630.37610440945,536.8216230121399,206.79323376837272,330.02838924376715,49300.347715165684,0.3852177798055952,0.6147822201944049
245,49300.347715165684,536.8216230121399,205.41811547985702,331.40350753228284,48968.9442076334,0.38265618722145184,0.6173438127785482
246,48968.9442076334,536.8216230121399,204.03726753180584,332.78435548033406,48636.15985215307,0.3800839213348745,0.6199160786651255
247,48636.15985215307,536.8216230121399,202.6506660506378,334.17095696150204,48301.988895191564,0.37750093767376985,0.6224990623262301
248,48301.988895191564,536.8216230121399,201.25828706329818,335.56333594884165,47966.42555924272,0.37490719158074387,0.6250928084192561
249,47966.42555924272,536.8216230121399,199.86010649684468,336.9615165152952,47629.46404272743,0.3723026382123303,0.6276973617876698
250,47629.46404272743,536.8216230121399,198.45610017803094,338.3655228341089,47291.09851989332,0.369687232538215,0.630312767461785
251,47291.09851989332,536.8216230121399,197.04624383288882,339.77537917925105,46951.32314071407,0.3670609293404576,0.6329390706595425
252,46951.32314071407,536.8216230121399,195.6305130863086,341.19110992583126,46610.13203078824,0.36442368321270946,0.6355763167872905
253,46610.13203078824,536.8216230121399,194.20888346161766,342.6127395505222,46267.51929123772,0.3617754485594291,0.6382245514405708
254,46267.51929123772,536.8216230121399,192.78133038015716,344.0402926319827,45923.47899860574,0.3591161795950934,0.6408838204049065
255,45923.47899860574,536.8216230121399,191.34782916085723,345.4737938512826,45578.00520475445,0.3564458303434063,0.6435541696565936
256,45578.00520475445,536.8216230121399,189.90835501981022,346.9132679923297,45231.091936762125,0.35376435463650385,0.6462356453634962
257,45231.091936762125,536.8216230121399,188.46288306984218,348.3587399422977,44882.73319681983,0.35107170611415595,0.648928293885844
258,44882.73319681983,536.8216230121399,187.0113883200826,349.8102346920573,44532.92296212777,0.3483678382229649,0.6516321617770351
259,44532.92296212777,536.8216230121399,185.5538456755324,351.2677773366075,44181.65518479116,0.34565270421556066,0.6543472957844394
260,44181.65518479116,536.8216230121399,184.09022993662984,352.73139307551,43828.92379171565,0.34292625714979214,0.6570737428502079
261,43828.92379171565,536.8216230121399,182.6205157988152,354.2011072133247,43474.722684502325,0.34018844988791624,0.6598115501120838
262,43474.722684502325,536.8216230121399,181.14467785209303,355.67694516004684,43119.04573934228,0.33743923509578255,0.6625607649042174
263,43119.04573934228,536.8216230121399,179.66269058059282,357.15893243154704,42761.88680691073,0.334678565242015,0.665321434757985
264,42761.88680691073,536.8216230121399,178.17452836212803,358.6470946500118,42403.239712260714,0.33190639259719,0.66809360740281
265,42403.239712260714,536.8216230121399,176.68016546775297,360.14145754438687,42043.09825471633,0.32912266923301164,0.6708773307669883
266,42043.09825471633,536.8216230121399,175.17957606131804,361.64204695082185,41681.45620776551,0.32632734702148253,0.6736726529785175
267,41681.45620776551,536.8216230121399,173.67273419902295,363.1488888131169,41318.30731895239,0.32352037763407204,0.676479622365928
268,41318.30731895239,536.8216230121399,172.1596138289683,364.66200918317156,40953.64530976922,0.3207017125408807,0.6792982874591194
269,40953.64530976922,536.8216230121399,170.64018879070508,366.18143422143476,40587.463875547786,0.31787130300980104,0.682128696990199
270,40587.463875547786,536.8216230121399,169.11443281478245,367.7071901973574,40219.75668535043,0.3150291001056752,0.6849708998943248
271,40219.75668535043,536.8216230121399,167.58231952229346,369.2393034898464,39850.51738186058,0.31217505468944884,0.6878249453105512
272,39850.51738186058,536.8216230121399,166.0438224244191,370.7778005877208,39479.739581272865,0.30930911741732153,0.6906908825826784
273,39479.739581272865,536.8216230121399,164.49891492197025,372.3227080901696,39107.416873182694,0.3064312387398937,0.6935687612601062
274,39107.416873182694,536.8216230121399,162.9475703049279,373.87405270721194,38733.54282047548,0.30354136890130995,0.69645863109869
275,38733.54282047548,536.8216230121399,161.38976175198115,375.4318612601587,38358.11095921532,0.3006394579383987,0.6993605420616013
276,38358.11095921532,536.8216230121399,159.82546233006383,376.99616068207604,37981.11479853325,0.29772545567980874,0.7022745443201913
277,37981.11479853325,536.8216230121399,158.25464499388855,378.56697801825135,37602.547820515,0.2947993117451413,0.7052006882548587
278,37602.547820515,536.8216230121399,156.67728258547916,380.14434042666073,37222.40348008834,0.2918609755440794,0.7081390244559207
279,37222.40348008834,536.8216230121399,155.09334783370142,381.7282751784385,36840.6752049099,0.28891039627551307,0.7110896037244869
280,36840.6752049099,536.8216230121399,153.50281335379125,383.31880965834864,36457.356395251554,0.28594752292666104,0.714052477073339
281,36457.356395251554,536.8216230121399,151.90565164688147,384.91597136525843,36072.4404238863,0.2829723042721888,0.7170276957278112
282,36072.4404238863,536.8216230121399,150.30183509952624,386.51978791261365,35685.920635973685,0.27998468887332295,0.720015311126677
283,35685.920635973685,536.8216230121399,148.6913359832237,388.1302870289162,35297.79034894477,0.2769846250769618,0.7230153749230382
284,35297.79034894477,536.8216230121399,147.07412645393654,389.74749655820335,34908.04285238657,0.2739720610147825,0.7260279389852176
285,34908.04285238657,536.8216230121399,145.45017855161072,391.3714444605291,34516.67140792604,0.27094694460234414,0.7290530553976559
286,34516.67140792604,536.8216230121399,143.81946419969185,393.002158812448,34123.66924911359,0.26790922353818725,0.7320907764618128
287,34123.66924911359,536.8216230121399,142.18195520463996,394.6396678074999,33729.02958130609,0.26485884530292964,0.7351411546970704
288,33729.02958130609,536.8216230121399,140.53762325544204,396.2839997566978,33332.74558154939,0.2617957571583585,0.7382042428416415
289,33332.74558154939,536.8216230121399,138.88643992312245,397.9351830890174,32934.81039846037,0.2587199061465183,0.7412800938534817
290,32934.81039846037,536.8216230121399,137.22837666025154,399.5932463518883,32535.217152108486,0.2556312390887954,0.7443687609112045
291,32535.217152108486,536.8216230121399,135.56340480045202,401.25821821168785,32133.958933896796,0.2525297025849988,0.7474702974150013
292,32133.958933896796,536.8216230121399,133.8914955579033,402.9301274542365,31731.02880644256,0.24941524301243626,0.7505847569875637
293,31731.02880644256,536.8216230121399,132.21262002684398,404.6090029852959,31326.419803457262,0.24628780652498805,0.753712193475012
294,31326.419803457262,536.8216230121399,130.52674918107192,406.29487383106795,30920.124929626192,0.24314733905217553,0.7568526609478244
295,30920.124929626192,536.8216230121399,128.83385387344248,407.9877691386974,30512.137160487495,0.23999378629822626,0.7600062137017737
296,30512.137160487495,536.8216230121399,127.13390483536456,409.6877181767753,30102.44944231072,0.23682709374113553,0.7631729062588645
297,30102.44944231072,536.8216230121399,125.42687267629466,411.3947503358452,29691.054691974874,0.2336472066317236,0.7663527933682763
298,29691.054691974874,536.8216230121399,123.71272788322864,413.10889512891123,29277.94579684596,0.23045406999268908,0.7695459300073109
299,29277.94579684596,536.8216230121399,121.9914408201915,414.8301821919484,28863.115614654012,0.22724762861765863,0.7727523713823414
300,28863.115614654012,536.8216230121399,120.26298172772505,416.5586412844148,28446.5569733696,0.2240278270702322,0.7759721729297678
301,28446.5569733696,536.8216230121399,118.52732072237333,418.2943022897665,28028.262671079832,0.22079460968302486,0.7792053903169751
302,28028.262671079832,536.8216230121399,116.78442779616597,420.0371952159739,27608.22547586386,0.2175479205567041,0.7824520794432959
303,27608.22547586386,536.8216230121399,115.03427281609942,421.78735019604045,27186.438125667817,0.2142877035590237,0.7857122964409763
304,27186.438125667817,536.8216230121399,113.2768255236159,423.54479748852395,26762.893328179292,0.21101390232385295,0.788986097676147
305,26762.893328179292,536.8216230121399,111.51205553408039,425.3095674780595,26337.583760701233,0.20772646025020236,0.7922735397497976
306,26337.583760701233,536.8216230121399,109.73993233625514,427.0816906758847,25910.502070025348,0.20442532050124487,0.7955746794987552
307,25910.502070025348,536.8216230121399,107.96042529177228,428.8611977203676,25481.64087230498,0.20111042600333337,0.7988895739966667
308,25481.64087230498,536.8216230121399,106.17350363460407,430.6481193775358,25050.992752927443,0.1977817194450139,0.8022182805549861
309,25050.992752927443,536.8216230121399,104.37913647053101,432.44248654160884,24618.550266385835,0.19443914327603481,0.8055608567239652
310,24618.550266385835,536.8216230121399,102.57729277660765,434.24433023553223,24184.305936150304,0.19108263970635164,0.8089173602936484
311,24184.305936150304,536.8216230121399,100.76794140062627,436.0536816115136,23748.25225453879,0.18771215070512812,0.8122878492948719
312,23748.25225453879,536.8216230121399,98.9510510605783,437.8705719515616,23310.38168258723,0.18432761799973282,0.8156723820002673
313,23310.38168258723,536.8216230121399,97.12659034411347,439.6950326680264,22870.686649919204,0.1809289830747317,0.8190710169252683
314,22870.686649919204,536.8216230121399,95.29452770799668,441.5270953041432,22429.15955461506,0.17751618717087642,0.8224838128291236
315,22429.15955461506,536.8216230121399,93.45483147756275,443.36679153457715,21985.792763080484,0.1740891712840884,0.8259108287159117
316,21985.792763080484,536.8216230121399,91.60746984616868,445.2141531659712,21540.57860991451,0.17064787616443877,0.8293521238355612
317,21540.57860991451,536.8216230121399,89.7524108746438,447.06921213749604,21093.509397777016,0.16719224231512395,0.832807757684876
318,21093.509397777016,536.8216230121399,87.88962249073757,448.9320005214023,20644.577397255613,0.16372220999143694,0.8362777900085631
319,20644.577397255613,536.8216230121399,86.01907248856506,450.80255052357484,20193.774846732038,0.16023771919973462,0.8397622808002655
320,20193.774846732038,536.8216230121399,84.14072852805016,452.6808944840897,19741.09395224795,0.15673870969640016,0.8432612903035999
321,19741.09395224795,536.8216230121399,82.25455813436645,454.5670648777734,19286.526887370175,0.15322512098680183,0.8467748790131981
322,19286.526887370175,536.8216230121399,80.36052869737573,456.4610943147641,18830.06579305541,0.14969689232424682,0.8503031076757531
323,18830.06579305541,536.8216230121399,78.45860747106421,458.36301554107564,18371.702777514336,0.1461539627089312,0.8538460372910688
324,18371.702777514336,536.8216230121399,76.5487615729764,460.2728614391635,17911.429916075173,0.1425962708868851,0.8574037291131149
325,17911.429916075173,536.8216230121399,74.63095798364655,462.1906650284933,17449.239251046678,0.13902375534891379,0.8609762446510862
326,17449.239251046678,536.8216230121399,72.70516354602782,464.116459466112,16985.122791580565,0.13543635432953421,0.8645636456704657
327,16985.122791580565,536.8216230121399,70.77134496491902,466.05027804722084,16519.072513533345,0.1318340058059073,0.8681659941940927
328,16519.072513533345,536.8216230121399,68.82946880638893,467.9921542057509,16051.080359327594,0.12821664749676523,0.8717833525032348
329,16051.080359327594,536.8216230121399,66.8795014971983,469.94212151494156,15581.138237812653,0.12458421686133508,0.8754157831386649
330,15581.138237812653,536.8216230121399,64.92140932421938,471.9002136879205,15109.238024124732,0.12093665109825733,0.8790633489017426
331,15109.238024124732,536.8216230121399,62.95515843385305,473.8664645782868,14635.371559546445,0.11727388714450007,0.8827261128555
332,14635.371559546445,536.8216230121399,60.98071483144352,475.8409081806964,14159.530651365749,0.11359586167426881,0.8864041383257313
333,14159.530651365749,536.8216230121399,58.99804438069062,477.82357863144927,13681.7070727343,0.1099025110979116,0.8900974889020884
334,13681.7070727343,536.8216230121399,57.007112803059584,479.81451020908025,13201.89256252522,0.10619377156081958,0.8938062284391803
335,13201.89256252522,536.8216230121399,55.00788567718841,481.81373733495144,12720.078825190269,0.10246957894232298,0.897530421057677
336,12720.078825190269,536.8216230121399,53.00032843829278,483.82129457384707,12236.257530616422,0.09872986885458267,0.9012701311454173
337,12236.257530616422,536.8216230121399,50.984406377568426,485.83721663457146,11750.420313981851,0.09497457664147677,0.9050254233585233
338,11750.420313981851,536.8216230121399,48.960084641591045,487.86153837054883,11262.558775611302,0.09120363737748292,0.9087963626225171
339,11262.558775611302,536.8216230121399,46.92732823171376,489.8942947804261,10772.664480830876,0.08741698586655576,0.9125830141334442
340,10772.664480830876,536.8216230121399,44.88610200346198,491.9355210086779,10280.728959822198,0.08361455664099975,0.9163854433590003
341,10280.728959822198,536.8216230121399,42.83637066592583,493.98525234621405,9786.743707475984,0.07979628396033725,0.9202037160396628
342,9786.743707475984,536.8216230121399,40.77809878114993,496.04352423098993,9290.700183244993,0.07596210181017198,0.924037898189828
343,9290.700183244993,536.8216230121399,38.7112507635208,498.11037224861906,8792.589810996375,0.07211194390104769,0.9278880560989523
344,8792.589810996375,536.8216230121399,36.63579087915156,500.1858321329883,8292.403978863385,0.06824574366730206,0.9317542563326979
345,8292.403978863385,536.8216230121399,34.55168324526411,502.2699397668758,7790.13403909651,0.06436343426591583,0.9356365657340843
346,7790.13403909651,536.8216230121399,32.45889182956879,504.36273118257105,7285.7713079139385,0.060464948575357134,0.9395350514246428
347,7285.7713079139385,536.8216230121399,30.35738044964141,506.46424256249844,6779.30706535144,0.056550219194421124,0.9434497808055788
348,6779.30706535144,536.8216230121399,28.247112772297665,508.5745102398422,6270.732555111597,0.05261917844106454,0.9473808215589354
349,6270.732555111597,536.8216230121399,26.12805231296499,510.69357069917487,5760.038984412422,0.04867175835123564,0.9513282416487644
350,5760.038984412422,536.8216230121399,24.00016243505176,512.8214605770881,5247.217523835334,0.04470789067769912,0.9552921093223009
351,5247.217523835334,536.8216230121399,21.86340634931389,514.958216662826,4732.259307172508,0.0407275068888562,0.9592724931111438
352,4732.259307172508,536.8216230121399,19.71774711321878,517.103875898921,4215.155431273587,0.036730538167559765,0.9632694618324401
353,4215.155431273587,536.8216230121399,17.563147630306613,519.2584753818333,3695.896955891754,0.0327169154099246,0.9672830845900754
354,3695.896955891754,536.8216230121399,15.399570649548973,521.4220523625909,3174.474903529163,0.028686569224132617,0.9713134307758674
355,3174.474903529163,536.8216230121399,13.226978764704846,523.594644247435,2650.880259281728,0.02463942992923317,0.9753605700707667
356,2650.880259281728,536.8216230121399,11.045334413673865,525.776288598466,2125.1039706832617,0.02057542755393831,0.9794245724460616
357,2125.1039706832617,536.8216230121399,8.854599877846923,527.967023134293,1597.1369475489687,0.016494491835413048,0.9835055081645869
358,1597.1369475489687,536.8216230121399,6.654737281454036,530.1668857306859,1066.9700618182828,0.012396552218060604,0.9876034477819394
359,1066.9700618182828,536.8216230121399,4.445708590909511,532.3759144212304,534.5941473970524,0.008281537852302522,0.9917184621476975
360,534.5941473970524,536.8216230121399,2.227475614154385,534.5941473979855,-9.330278771813028e-10,0.004149377593353784,0.9958506224066462
